id,pagename,status,home_page,url,pagetitle,author,keywords,description,post_page,category_image,category_text,time_stamp
4,Home,published,1,home,"My first home page",Tim,Home,"This is the home page",,,,"2019-10-02 15:00:44"
5,"Page 1",published,,page-1,"Page 1",Tim,"Page 1","This is page 1",,,,"2019-10-03 15:00:56"
6,"Page 2",published,,page-2,"page 2",Tim,"Page 2","This is page 2",5,Berlin.jpg,"<p>page 2</p>","2019-10-21 19:28:26"
8,"my test page",not-published,,my-test-page,,,,,6,American-Flag.jpg,<p>test</p>,"2019-10-21 19:28:38"
9,mypage,not-published,,mypage,"Page title",Author,Keywords,Description,8,American-Flag.jpg,"<p>dit is de text op deze category</p>","2019-10-21 19:28:51"
10,typen,not-published,,typen,,,,,,American-Flag.jpg,"<p>dit is de text van de categorie</p>","2019-10-21 21:04:46"
11,"test het cms",not-published,,test-het-cms,"pets page","Tim Derksen","test,page,td-cms","Dit is een test pagina",8,American-Flag.jpg,"<p>hier komt de text voor een cat</p>","2019-10-21 19:28:59"
12,pagina,not-published,false,pagina,,,,,11,American-Flag.jpg,"<p>hier komt sub cat info</p>","2019-10-22 12:06:42"
13,pagegbh,not-published,,pagegbh,,,,,,,<p>ghghghgh</p>,"2020-01-28 13:13:57"
